{
  "CMT1": {
    "t1": [
      0.0,
      0.0,
      0.0,
      0.0,
      0.0,
      0.0,
      0.0,
      0.0,
      0.0,
      0.0,
      0.0,
      0.0,
      0.0,
      0.0,
      0.0,
      0.0,
      0.0,
      0.0,
      0.0,
      0.0
    ],
    "t2": [
      0.0,
      0.0,
      0.0,
      0.0,
      0.0,
      0.0,
      0.0,
      0.0,
      0.0,
      0.0,
      0.0,
      5.684341886080802e-14,
      1.1368683772161603e-13,
      0.0,
      1.1368683772161603e-13,
      0.0,
      0.0,
      0.0,
      0.0,
      0.0
    ],
    "cv1": [
      0.0,
      0.0,
      0.0,
      0.0,
      0.0,
      0.0,
      0.0,
      0.0,
      0.0,
      0.0,
      0.0,
      0.0,
      0.0,
      0.0,
      0.0,
      0.0,
      0.0,
      0.0,
      0.0,
      0.0
    ],
    "cv2": [
      0.0,
      0.0,
      0.0,
      0.0,
      0.0,
      0.0,
      0.0,
      0.0,
      0.0,
      0.0,
      0.0,
      0.0,
      0.0,
      0.0,
      0.0,
      0.0,
      0.0,
      0.0,
      0.0,
      0.0
    ]
  },
  "CMT2": {
    "t1": [
      2.9887203822909214e-13,
      9.281464485866309e-14,
      5.249565226961295e-10,
      9.134470957405938e-12,
      4.440892098500626e-16,
      1.8336443474709085e-12,
      4.746003590128112e-10,
      5.172151595900232e-10,
      4.440892098500626e-16,
      1.283417816466681e-13,
      6.16552586762964e-10,
      7.549516567451064e-15,
      7.549516567451064e-15,
      1.2332579402141164e-10,
      3.490940869710357e-11,
      6.78934686249022e-10,
      3.4889113820213424e-10,
      1.4634382594636008e-10,
      3.6244829360043695e-10,
      2.728204329116579e-10
    ],
    "t2": [
      0.0,
      0.0,
      0.0,
      0.0,
      0.0,
      0.0,
      0.0,
      0.0,
      0.0,
      0.0,
      0.0,
      0.0,
      0.0,
      0.0,
      0.0,
      0.0,
      0.0,
      0.0,
      0.0,
      0.0
    ],
    "cv1": [
      0.0,
      0.0,
      0.0,
      0.0,
      0.0,
      0.0,
      0.0,
      0.0,
      0.0,
      0.0,
      0.0,
      0.0,
      0.0,
      0.0,
      0.0,
      0.0,
      0.0,
      0.0,
      0.0,
      0.0
    ],
    "cv2": [
      0.0,
      0.0,
      0.0,
      0.0,
      0.0,
      0.0,
      0.0,
      0.0,
      0.0,
      0.0,
      0.0,
      0.0,
      0.0,
      0.0,
      0.0,
      0.0,
      0.0,
      0.0,
      0.0,
      0.0
    ]
  },
  "CMT3": {
    "t1": [
      2.886579864025407e-14,
      2.886579864025407e-14,
      1.4928898117716471e-09,
      4.670653641625222e-09,
      2.886579864025407e-14,
      3.747975263479475e-10,
      2.886579864025407e-14,
      2.886579864025407e-14,
      2.7045032879868813e-13,
      1.2581047315052274e-12,
      1.3761085604357959e-09,
      2.886579864025407e-14,
      8.863320077878711e-08,
      4.725553282014516e-12,
      2.886579864025407e-14,
      7.149836278586008e-14,
      4.566331757160924e-09,
      2.886579864025407e-14,
      7.264567405407263e-07,
      2.886579864025407e-14
    ],
    "t2": [
      0.0006363783177221194,
      0.0006363783177221194,
      0.0006363783177221194,
      0.0006363783177221194,
      0.0006363783177221194,
      0.0006363783177221194,
      0.0006363783177221194,
      0.0006363783177221194,
      0.0006363783177221194,
      0.0006363783177221194,
      0.0006363783177221194,
      0.0006363783177221194,
      0.0006363783322740346,
      0.0006363783177221194,
      0.0006363783177221194,
      0.0006363783177221194,
      0.0006363783177221194,
      0.0006363783177221194,
      0.0006363783177221194,
      0.0006363783177221194
    ],
    "cv1": [
      0.0,
      0.0,
      0.0,
      0.0,
      0.0,
      0.0,
      0.0,
      0.0,
      0.0,
      0.0,
      0.0,
      0.0,
      0.0,
      0.0,
      0.0,
      0.0,
      0.0,
      0.0,
      0.0,
      0.0
    ],
    "cv2": [
      0.0,
      0.0,
      0.0,
      0.0,
      0.0,
      0.0,
      0.0,
      0.0,
      0.0,
      0.0,
      0.0,
      0.0,
      0.0,
      0.0,
      0.0,
      0.0,
      0.0,
      0.0,
      0.0,
      0.0
    ]
  },
  "CMT4": {
    "t1": [
      0.0,
      1.1368683772161603e-13,
      15.919334837854592,
      0.0,
      0.0,
      11.939508685119563,
      12.934462704393752,
      0.0,
      0.9949590570932969,
      0.9949590570932969,
      0.0,
      0.0,
      40.13464876122703,
      0.9516583115232606,
      33.65821845833153,
      1.9899181141865938,
      0.9949590570932969,
      5.969754342559781,
      49.651403180338264,
      5.969754342559781
    ],
    "t2": [
      381.99795361680964,
      378.2761071224503,
      381.4097626609703,
      377.38497465941003,
      376.089298116209,
      380.6635052580195,
      382.1953745731709,
      388.47487796002713,
      376.2785986227855,
      377.1419133893494,
      376.62509211585717,
      377.5858251794717,
      381.1946889338811,
      376.2540361217056,
      378.0902112443372,
      376.8835599852094,
      376.53706808005575,
      376.6220590465978,
      378.3530757873977,
      378.78915830537215
    ],
    "cv1": [
      0.0,
      0.0,
      0.0,
      0.0,
      0.0,
      0.0,
      0.0,
      0.0,
      0.0,
      0.0,
      0.0,
      0.0,
      0.0,
      0.0,
      0.0,
      0.0,
      0.0,
      0.0,
      0.0,
      0.0
    ],
    "cv2": [
      0.0,
      0.0,
      0.0,
      0.0,
      0.0,
      0.0,
      0.0,
      0.0,
      0.0,
      0.0,
      0.0,
      0.0,
      0.0,
      0.0,
      0.0,
      0.0,
      0.0,
      0.0,
      0.0,
      0.0
    ]
  },
  "CMT5": {
    "t1": [
      1.1102230246251565e-14,
      4.835687406057332e-12,
      0.0026744963066431815,
      1.9757528946229286e-12,
      4.440892098500626e-16,
      4.5871329601432365e-06,
      1.8207657603852567e-14,
      2.886579864025407e-14,
      4.440892098500626e-16,
      1.4654943925052066e-14,
      4.440892098500626e-16,
      1.4654943925052066e-14,
      3.952393967665557e-14,
      1.4654943925052066e-14,
      2.1760371282653068e-14,
      4.440892098500626e-16,
      1.141309269314661e-13,
      4.440892098500626e-16,
      4.419975496716688e-11,
      4.440892098500626e-16
    ],
    "t2": [
      46.672130616236025,
      47.134408728995645,
      46.87263930130366,
      47.17867346245118,
      47.6479182758812,
      47.0736765255697,
      47.103839668433025,
      46.17554671309267,
      46.85738909475548,
      110.29701332296935,
      44.68779105190246,
      48.21068915575041,
      46.63425235373563,
      47.14566161611917,
      47.360862851268216,
      47.20340811069072,
      47.13083948888351,
      47.560928659131086,
      38.04362446493491,
      47.671363533779875
    ],
    "cv1": [
      0.0,
      0.0,
      0.0,
      0.0,
      0.0,
      0.0,
      0.0,
      0.0,
      0.0,
      0.0,
      0.0,
      0.0,
      0.0,
      0.0,
      0.0,
      0.0,
      0.0,
      0.0,
      0.0,
      0.0
    ],
    "cv2": [
      0.0,
      0.0,
      0.0,
      0.0,
      0.0,
      0.0,
      0.0,
      0.0,
      0.0,
      0.0,
      0.0,
      0.0,
      0.0,
      0.0,
      0.0,
      0.0,
      0.0,
      0.0,
      0.0,
      0.0
    ]
  },
  "CMT6": {
    "t1": [
      4.3076653355456074e-14,
      4.440892098500626e-16,
      4.440892098500626e-16,
      4.440892098500626e-16,
      4.440892098500626e-16,
      4.440892098500626e-16,
      4.440892098500626e-16,
      4.440892098500626e-16,
      4.440892098500626e-16,
      4.440892098500626e-16,
      1.1102230246251565e-14,
      1.1102230246251565e-14,
      4.3076653355456074e-14,
      4.440892098500626e-16,
      4.440892098500626e-16,
      3.2369662505971064e-12,
      4.440892098500626e-16,
      4.440892098500626e-16,
      3.241851231905457e-14,
      5.0182080713057076e-14
    ],